Customer Name,Customer e-mail,Country,Gender,Age,Annual Salary,Credit Card Debt,Net Worth,Car Purchase Amount,
Martina Avila,cubilia.Curae.Phasellus@quisaccumsanconvallis.edu,USA,0,42,"$62,812.09 ","$11,609.38 ","$238,961.25 ","$35,321.46 ",
Harlan Barnes,eu.dolor@diam.co.uk,USA,0,41,"$66,646.89 ","$9,572.96 ","$530,973.91 ","$45,115.53 ",
Naomi Rodriquez,vulputate.mauris.sagittis@ametconsectetueradipiscing.co.uk,USA,1,43,"$53,798.55 ","$11,160.36 ","$638,467.18 ","$42,925.71 ",
Jade Cunningham,malesuada@dignissim.com,USA,1,58,"$79,370.04 ","$14,426.16 ","$548,599.05 ","$67,422.36 ",
Cedric Leach,felis.ullamcorper.viverra@egetmollislectus.net,USA,1,57,"$59,729.15 ","$5,358.71 ","$560,304.07 ","$55,915.46 ",
Carla Hester,mi@Aliquamerat.edu,USA,1,57,"$68,499.85 ","$14,179.47 ","$428,485.36 ","$56,612.00 ",
Griffin Rivera,vehicula@at.co.uk,USA,1,47,"$39,814.52 ","$5,958.46 ","$326,373.18 ","$28,925.71 ",
Orli Casey,nunc.est.mollis@Suspendissetristiqueneque.co.uk,USA,1,50,"$51,752.23 ","$10,985.70 ","$629,312.40 ","$47,434.98 ",
Marny Obrien,Phasellus@sedsemegestas.org,USA,0,47,"$58,139.26 ","$3,440.82 ","$630,059.03 ","$48,013.61 ",
Rhonda Chavez,nec@nuncest.com,USA,1,43,"$53,457.10 ","$12,884.08 ","$476,643.35 ","$38,189.51 ",
Jerome Rowe,ipsum.cursus@dui.org,USA,1,50,"$73,348.71 ","$8,270.71 ","$612,738.62 ","$59,045.51 ",
Akeem Gibson,turpis.egestas.Fusce@purus.edu,USA,1,53,"$55,421.66 ","$10,014.97 ","$293,862.51 ","$42,288.81 ",
Quin Smith,nulla@ipsum.edu,USA,0,44,"$37,336.34 ","$10,218.32 ","$430,907.17 ","$28,700.03 ",
Tatum Moon,Cras.sed.leo@Seddiamlorem.ca,USA,0,48,"$68,304.47 ","$9,467.00 ","$420,322.07 ","$49,258.88 ",
Sharon Sharpe,eget.metus@aaliquetvel.co.uk,USA,0,55,"$72,776.00 ","$10,597.64 ","$146,344.90 ","$49,510.03 ",
Thomas Williams,aliquet.molestie@ut.org,USA,1,53,"$64,662.30 ","$11,326.03 ","$481,433.43 ","$53,017.27 ",
Blaine Bender,ultrices.posuere.cubilia@pedenonummyut.net,USA,0,45,"$63,259.88 ","$11,495.55 ","$370,356.22 ","$41,814.72 ",
Stephen Lindsey,erat.eget.ipsum@tinciduntpede.org,USA,1,48,"$52,682.06 ","$12,514.52 ","$549,443.59 ","$43,901.71 ",
Sloane Mann,at.augue@augue.net,USA,1,52,"$54,503.14 ","$7,377.82 ","$431,099.00 ","$44,633.99 ",
Athena Wolf,volutpat.Nulla.facilisis@primis.ca,USA,0,59,"$55,368.24 ","$13,272.95 ","$566,022.13 ","$54,827.52 ",
Blythe Romero,Sed.eu@risusNuncac.co.uk,USA,1,52,"$63,435.86 ","$11,878.04 ","$480,588.23 ","$51,130.95 ",
Zelenia Byers,auctor.non@sapien.co.uk,USA,0,48,"$64,347.35 ","$10,905.37 ","$307,226.10 ","$43,402.32 ",
Nola Wiggins,Aliquam@augue.edu,USA,1,46,"$65,176.69 ","$7,698.55 ","$497,526.46 ","$47,240.86 ",
Micah Wheeler,arcu.eu@tincidunt.org,USA,1,47,"$52,027.64 ","$11,960.85 ","$688,466.05 ","$46,635.49 ",
Caryn Hendrix,condimentum.Donec@duiCum.com,USA,0,40,"$69,612.01 ","$8,125.60 ","$499,086.34 ","$45,078.40 ",
Hedda Miranda,scelerisque@magnased.com,USA,0,53,"$53,065.57 ","$17,805.58 ","$429,440.33 ","$44,387.58 ",
Ulric Lynn,sociis@vulputateveliteu.com,USA,0,28,"$82,842.53 ","$13,102.16 ","$315,775.32 ","$37,161.55 ",
Alma Pope,Nunc.mauris.Morbi@turpis.org,USA,0,56,"$61,388.63 ","$14,270.01 ","$341,691.93 ","$49,091.97 ",
Gemma Hendrix,lobortis@non.co.uk,USA,1,46,"$100,000.00 ","$17,452.92 ","$188,032.08 ","$58,350.32 ",
Castor Wood,velit.Pellentesque@Nulla.net,USA,1,40,"$62,891.87 ","$12,522.94 ","$583,230.98 ","$43,994.36 ",
Herman Stevenson,sociosqu.ad.litora@erat.com,USA,1,33,"$39,627.12 ","$9,371.51 ","$319,837.66 ","$17,584.57 ",
Adrienne Bolton,dictum@magnaPraesent.ca,USA,1,40,"$68,859.56 ","$13,417.02 ","$486,069.07 ","$44,650.36 ",
Dahlia Cleveland,tincidunt.tempus@idsapien.co.uk,USA,1,51,"$82,358.23 ","$8,092.48 ","$655,934.47 ","$66,363.89 ",
Keane Browning,Curabitur@acipsumPhasellus.co.uk,USA,0,51,"$67,904.40 ","$11,417.31 ","$487,435.96 ","$53,489.46 ",
Quon Hull,nascetur.ridiculus.mus@dignissim.co.uk,USA,0,46,"$65,311.68 ","$7,988.75 ","$215,673.54 ","$39,810.35 ",
Coby Charles,nec@dolornonummyac.com,USA,0,51,"$59,593.26 ","$12,252.73 ","$612,242.78 ","$51,612.14 ",
Amery Cortez,semper.et.lacinia@Morbiquisurna.ca,USA,1,50,"$47,460.55 ","$7,405.53 ","$430,624.81 ","$38,978.67 ",
Uriel Bradshaw,ultrices@Integersemelit.com,USA,1,22,"$43,131.78 ","$10,917.14 ","$326,742.74 ","$10,092.23 ",
Fredericka Sanders,Curabitur@Infaucibus.ca,USA,0,51,"$52,263.70 ","$8,838.76 ","$213,040.96 ","$35,928.52 ",
Christopher Stevens,blandit.enim@lacusvariuset.org,USA,1,48,"$80,959.53 ","$4,499.92 ","$379,749.92 ","$54,823.19 ",
Rachel Ashley,tincidunt.tempus.risus@posuerecubiliaCurae.co.uk,USA,0,42,"$66,417.67 ","$9,183.33 ","$513,340.01 ","$45,805.67 ",
Lael Wright,a@consequatpurusMaecenas.com,USA,1,46,"$58,457.41 ","$12,491.01 ","$410,655.99 ","$41,567.47 ",
Ryder Shaffer,Phasellus.dapibus.quam@inhendrerit.ca,USA,0,38,"$50,571.46 ","$13,338.33 ","$348,833.84 ","$28,031.21 ",
Eric Noel,lacinia.at.iaculis@Fuscefermentumfermentum.edu,USA,1,39,"$50,943.16 ","$10,816.89 ","$299,734.13 ","$27,815.74 ",
Tamara Guy,nec.eleifend@orci.org,USA,1,61,"$79,792.13 ","$14,245.53 ","$497,950.29 ","$68,678.44 ",
Quincy Bell,in@Duisgravida.co.uk,USA,0,55,"$70,787.28 ","$10,155.34 ","$853,913.85 ","$68,925.09 ",
Lee Taylor,Vivamus.nisi.Mauris@miAliquam.co.uk,USA,1,42,"$56,098.51 ","$11,675.28 ","$320,228.65 ","$34,215.76 ",
Kenneth Pope,vitae.sodales.at@molestiearcuSed.org,USA,0,51,"$57,478.38 ","$2,230.10 ","$158,979.71 ","$37,843.47 ",
Reese Vance,egestas@malesuadavelvenenatis.com,USA,1,41,"$60,181.41 ","$7,094.90 ","$390,312.17 ","$37,883.24 ",
Quon Carroll,sodales@pharetra.com,USA,0,40,"$74,445.08 ","$7,915.76 ","$527,420.73 ","$48,734.36 ",
Magee Davidson,Quisque@tempor.net,USA,1,41,"$38,406.78 ","$11,023.00 ","$451,846.20 ","$27,187.24 ",
Leilani Gross,dignissim@mollisDuissit.org,USA,0,56,"$64,616.69 ","$12,378.54 ","$779,925.79 ","$63,738.39 ",
Morgan William,sociis.natoque.penatibus@uterat.ca,USA,0,46,"$68,107.93 ","$7,813.60 ","$455,609.14 ","$48,266.76 ",
Francesca Cervantes,leo@sitametdapibus.edu,USA,1,37,"$72,471.82 ","$11,216.89 ","$583,523.08 ","$46,381.13 ",
Rafael Peterson,lectus.a.sollicitudin@tortorat.net,USA,1,52,"$35,069.42 ","$1,851.98 ","$353,757.51 ","$31,978.98 ",
Roanna Knox,dolor.nonummy@metusurnaconvallis.net,USA,0,57,"$52,422.95 ","$6,998.47 ","$438,067.75 ","$48,100.29 ",
Marny Vargas,nonummy.Fusce.fermentum@ligula.org,USA,1,34,"$84,467.79 ","$7,772.44 ","$468,238.79 ","$47,380.91 ",
Charlotte Waller,odio@Nuncac.org,USA,1,43,"$51,419.51 ","$11,331.20 ","$636,407.11 ","$41,425.00 ",
Dorian Hernandez,conubia.nostra.per@diam.co.uk,USA,1,50,"$46,609.52 ","$7,592.02 ","$409,419.58 ","$38,147.81 ",
Armando Hensley,Class.aptent@torquentper.com,USA,1,42,"$55,207.46 ","$9,976.43 ","$286,062.52 ","$32,737.80 ",
Rowan Kidd,sapien.Aenean.massa@adipiscing.ca,USA,1,42,"$46,689.42 ","$7,829.57 ","$615,765.93 ","$37,348.14 ",
Gwendolyn Rice,Duis@metusIn.com,USA,0,42,"$71,847.25 ","$4,225.33 ","$476,088.40 ","$47,483.85 ",
Gareth Morris,est.Nunc.laoreet@nullavulputatedui.edu,USA,0,55,"$69,236.69 ","$9,842.84 ","$242,495.99 ","$49,730.53 ",
Sawyer Carney,erat.Sed@Phasellus.ca,USA,0,53,"$54,006.78 ","$15,189.09 ","$246,321.89 ","$40,093.62 ",
Raya Shields,tincidunt.aliquam@orciluctuset.com,USA,0,53,"$47,228.36 ","$9,046.18 ","$456,634.21 ","$42,297.51 ",
Olga Serrano,risus@urnasuscipitnonummy.edu,USA,0,43,"$70,187.50 ","$6,841.54 ","$662,176.49 ","$52,954.93 ",
Yuli Craig,lobortis.quis.pede@Seddiam.com,USA,0,55,"$62,262.95 ","$11,785.88 ","$301,026.22 ","$48,104.11 ",
Lev Kramer,eu.odio@tristique.org,USA,1,43,"$59,195.83 ","$8,634.38 ","$573,054.38 ","$43,680.91 ",
Nissim Acosta,enim@at.net,USA,1,57,"$48,716.67 ","$10,886.92 ","$662,382.66 ","$52,707.97 ",
Miranda Berry,lorem@necmauris.ca,USA,1,52,"$66,478.01 ","$13,685.89 ","$356,553.40 ","$49,392.89 ",
Owen Jacobson,ac.orci@Etiamimperdietdictum.edu,USA,1,45,"$50,280.00 ","$11,350.49 ","$230,728.30 ","$30,841.00 ",
Marvin Becker,congue.elit@vestibulumneceuismod.ca,USA,0,56,"$57,393.83 ","$5,627.80 ","$411,831.04 ","$49,373.38 ",
Davis Scott,neque@variusultricesmauris.edu,USA,0,41,"$63,429.93 ","$10,676.22 ","$481,335.36 ","$41,903.65 ",
Matthew Colon,facilisis@Nullainterdum.edu,USA,1,48,"$59,139.21 ","$4,630.54 ","$473,845.85 ","$45,058.90 ",
Quinlan Harris,libero.nec@adipiscing.org,USA,1,56,"$67,015.19 ","$13,000.41 ","$355,157.64 ","$52,991.53 ",
Hedley Greene,eleifend@felis.org,USA,0,47,"$69,157.45 ","$15,791.61 ","$506,986.98 ","$50,958.08 ",
Orson Kirby,cursus@nectellus.co.uk,USA,1,53,"$50,867.94 ","$16,732.31 ","$344,916.18 ","$41,357.18 ",
Adria Mathis,Aliquam.rutrum.lorem@Donec.net,USA,1,57,"$53,450.90 ","$8,740.72 ","$309,113.06 ","$44,434.72 ",
Peter Stout,dictum.mi.ac@semperrutrumFusce.com,USA,0,39,"$70,463.99 ","$10,059.55 ","$278,799.70 ","$38,502.42 ",
Cleo Moore,pede.et@Sedeu.com,USA,0,45,"$52,697.15 ",$861.82 ,"$540,805.49 ","$41,221.25 ",
Cally Montoya,sit@pedeCum.ca,USA,1,33,"$71,055.42 ","$6,147.92 ","$441,527.01 ","$38,399.46 ",
Ila Farrell,lacus@velit.edu,USA,1,44,"$55,406.46 ","$9,522.58 ","$523,251.27 ","$41,456.68 ",
Abel Stanton,eu.lacus.Quisque@congue.edu,USA,1,40,"$48,567.07 ","$9,724.03 ","$407,401.38 ","$30,394.82 ",
Reed Roman,laoreet.libero@laoreetlectus.com,USA,0,40,"$69,506.62 ","$5,449.47 ","$409,293.27 ","$42,384.05 ",
September Puckett,tincidunt@consequatpurusMaecenas.net,USA,1,37,"$69,453.72 ","$9,565.83 ","$386,128.13 ","$39,002.08 ",
Teegan Barr,non.lorem.vitae@eratVivamus.org,USA,1,40,"$36,929.35 ","$9,719.19 ","$245,664.37 ","$19,553.27 ",
Alexander York,eu.odio.Phasellus@ipsumporta.edu,USA,1,44,"$63,087.95 ","$11,024.03 ","$496,856.49 ","$45,167.33 ",
Jared Green,laoreet@sagittis.edu,USA,0,43,"$50,889.34 ","$11,041.18 ","$448,601.95 ","$36,019.96 ",
Eagan Woodward,varius.et@Maecenas.edu,USA,1,58,"$58,065.26 ","$4,204.92 ","$388,498.51 ","$50,937.94 ",
Ferdinand Weber,metus.Vivamus@vitaeposuere.org,USA,1,32,"$20,000.00 ","$14,261.81 ","$579,181.66 ","$12,895.71 ",
Kitra Kerr,scelerisque@Vivamusnon.co.uk,USA,1,50,"$60,536.20 ","$8,244.47 ","$173,079.18 ","$38,955.22 ",
Desirae Stone,Morbi.sit@Aliquamfringilla.ca,USA,1,59,"$50,667.70 ","$9,871.40 ","$536,665.05 ","$51,221.04 ",
Len Phillips,libero.lacus@Suspendisseseddolor.net,USA,1,42,"$44,376.62 ","$13,865.09 ","$259,049.28 ","$25,971.96 ",
Yen Santana,ornare.facilisis@ornarelibero.ca,USA,0,50,"$75,958.28 ","$10,562.90 ","$635,512.36 ","$60,670.34 ",
Martina Fuentes,elit@nequeIn.com,USA,1,53,"$70,896.73 ","$11,794.74 ","$398,746.85 ","$54,075.12 ",
Ariana Nash,vel.turpis.Aliquam@consequatpurus.edu,USA,1,47,"$56,009.73 ","$11,030.27 ","$391,848.60 ","$40,004.87 ",
Glenna Graham,sodales@maurisSuspendisse.com,USA,0,46,"$90,556.63 ","$13,872.57 ","$479,586.94 ","$61,593.52 ",
Holmes Lane,ac.orci@accumsaninterdum.co.uk,USA,1,43,"$71,716.46 ","$8,870.71 ","$165,866.20 ","$39,503.39 ",
Emerald Hamilton,sit.amet.orci@facilisis.edu,USA,0,49,"$68,502.11 ","$5,831.12 ","$515,084.19 ","$52,474.72 ",
Gage Marquez,malesuada.vel@dictum.co.uk,USA,0,43,"$46,261.43 ","$16,767.26 ","$759,479.46 ","$42,187.68 ",
Travis Burks,dictum@liberolacusvarius.ca,USA,1,53,"$61,858.19 ","$5,189.08 ","$706,977.05 ","$57,441.44 ",
Otto Oneill,arcu.Morbi.sit@elementum.ca,USA,1,36,"$49,483.83 ","$11,811.25 ","$242,292.92 ","$22,681.72 ",
Brian Mathews,vulputate.mauris.sagittis@orciluctus.com,USA,1,30,"$68,289.18 ","$7,357.79 ","$404,457.31 ","$33,640.74 ",
Ralph Rich,et@tellus.edu,USA,0,37,"$47,399.23 ","$14,562.64 ","$537,744.13 ","$31,540.78 ",
Yasir Tyler,pharetra.sed.hendrerit@adipiscinglobortisrisus.edu,USA,0,48,"$63,975.06 ","$10,614.85 ","$891,439.88 ","$60,461.24 ",
Dominic Mcintosh,Cras.vehicula@nibhPhasellusnulla.net,USA,0,44,"$75,460.52 ","$6,280.93 ","$296,972.41 ","$45,738.33 ",
Tanner Ward,diam@orciUt.ca,USA,0,42,"$51,075.46 ","$12,416.85 ","$450,402.29 ","$34,803.82 ",
Wing Gray,urna.nec@tempusscelerisquelorem.org,USA,1,50,"$42,433.55 ","$7,335.52 ","$386,057.42 ","$34,642.60 ",
Lionel Mcclure,odio.auctor.vitae@placeratorcilacus.edu,USA,1,30,"$61,922.90 ","$10,366.50 ","$323,453.20 ","$27,586.72 ",
Wing Parks,sagittis@magnased.ca,USA,1,42,"$69,946.94 ","$9,010.65 ","$778,537.21 ","$54,973.02 ",
Oleg Gordon,Nunc.sollicitudin.commodo@blanditat.co.uk,USA,1,46,"$73,476.42 ","$9,656.81 ","$386,287.02 ","$49,142.51 ",
Jamal Stephenson,lorem.lorem@in.edu,USA,1,55,"$75,571.20 ","$12,887.55 ","$416,540.30 ","$58,840.54 ",
Kadeem Larsen,ornare.lectus.ante@lectusNullam.net,USA,0,44,"$82,573.01 ","$1,696.99 ","$562,605.07 ","$57,306.33 ",
Todd Maldonado,dui.semper.et@aultricies.net,USA,0,58,"$50,649.64 ","$11,211.72 ","$565,932.19 ","$51,941.68 ",
Victor Yang,arcu.Vivamus.sit@egestasSed.com,USA,1,42,"$53,427.46 ","$7,903.10 ","$238,529.63 ","$30,240.61 ",
Quamar Cummings,mauris@convallisconvallisdolor.co.uk,USA,1,57,"$75,247.18 ","$13,258.47 ","$659,279.20 ","$67,120.90 ",
Dominic Hughes,cursus.vestibulum.Mauris@pedenonummy.com,USA,1,43,"$69,175.19 ","$6,039.59 ","$325,701.41 ","$42,408.03 ",
Lamar Hensley,erat@pedeac.co.uk,USA,0,35,"$84,171.17 ","$12,719.64 ","$244,310.57 ","$41,451.72 ",
Solomon Atkinson,Aliquam@laoreet.net,USA,0,43,"$45,721.67 ","$14,250.52 ","$790,526.55 ","$42,592.89 ",
Dean Snider,tempus@sit.ca,USA,0,35,"$54,355.76 ","$10,008.77 ","$573,052.01 ","$34,521.18 ",
Vernon Kidd,sapien.imperdiet.ornare@vitaeerat.edu,USA,1,34,"$77,206.48 ","$8,493.10 ","$411,070.48 ","$42,213.70 ",
Dolan Clayton,justo@est.ca,USA,0,48,"$57,005.19 ","$12,416.79 ","$408,147.04 ","$41,913.54 ",
Marvin Deleon,lectus.Nullam@congueelitsed.ca,USA,1,53,"$65,809.11 ","$4,820.84 ","$692,401.47 ","$59,416.18 ",
Merrill Bailey,natoque.penatibus@nislsem.net,USA,0,47,"$65,468.14 ","$7,248.54 ","$588,570.89 ","$51,402.62 ",
Adrian Brock,Cras.lorem@nonvestibulumnec.net,USA,0,54,"$60,991.82 ","$7,329.23 ","$586,368.93 ","$54,755.42 ",
Rigel Craft,diam.eu.dolor@Proin.com,USA,0,51,"$61,809.07 ","$2,620.08 ","$407,733.52 ","$47,143.44 ",
Chaim Lewis,luctus@ut.org,USA,0,59,"$66,905.48 ","$10,077.50 ","$651,215.64 ","$64,391.69 ",
Kyle Evans,magnis@vitaenibh.org,USA,0,49,"$65,131.25 ","$6,206.92 ","$53,366.14 ","$37,252.55 ",
Ulysses Craig,sit.amet@orci.ca,USA,1,51,"$83,626.31 ","$8,458.75 ","$167,031.56 ","$52,665.37 ",
Nolan Nixon,arcu@etultricesposuere.co.uk,USA,0,40,"$64,328.28 ","$13,860.44 ","$567,357.03 ","$44,001.21 ",
Oren Rosario,ultrices.Vivamus.rhoncus@lacusMauris.net,USA,1,53,"$69,255.99 ","$18,361.25 ","$339,207.28 ","$51,551.68 ",
Hector Bowers,eget@Morbiquisurna.co.uk,USA,1,45,"$60,575.13 ","$8,088.34 ","$291,360.03 ","$38,243.66 ",
Tate Molina,erat@sitamet.ca,USA,0,45,"$63,729.13 ","$12,507.20 ","$271,430.05 ","$39,766.65 ",
Julian Alexander,Integer.id.magna@consequatenimdiam.co.uk,USA,0,37,"$64,315.74 ","$14,871.36 ","$502,946.88 ","$40,077.57 ",
Lucian Medina,rutrum@temporbibendum.com,USA,0,43,"$51,419.02 ","$9,026.06 ","$362,564.35 ","$33,131.53 ",
Todd Bass,Lorem.ipsum.dolor@et.edu,USA,0,48,"$53,870.48 ","$14,720.53 ","$701,782.53 ","$48,622.66 ",
Mannix Snow,elit@euismodenim.net,USA,0,49,"$56,895.23 ","$9,851.58 ","$580,950.40 ","$47,693.23 ",
Benedict Serrano,blandit.viverra@mollisDuis.co.uk,USA,1,48,"$52,534.21 ","$7,583.75 ","$401,955.50 ","$39,410.46 ",
Yoshio Potter,fringilla.cursus.purus@dolorvitae.ca,USA,1,45,"$52,632.97 ","$12,348.68 ","$293,999.94 ","$33,428.40 ",
Stone Koch,facilisis.Suspendisse@Duissit.ca,USA,1,43,"$42,375.21 ","$6,062.60 ","$510,039.15 ","$32,700.28 ",
Elliott Horne,sollicitudin.adipiscing.ligula@Sedeu.co.uk,USA,0,62,"$65,617.29 ","$14,392.29 ","$560,593.42 ","$62,864.43 ",
Tanner Johnson,blandit.at@vulputateullamcorpermagna.org,USA,1,46,"$49,398.74 ","$6,994.62 ","$174,525.84 ","$29,425.83 ",
Gabriel Carson,et@venenatis.co.uk,USA,0,51,"$63,869.65 ","$12,860.66 ","$260,269.10 ","$44,418.61 ",
Cain Love,est.mollis.non@placerat.com,USA,1,44,"$60,871.18 ","$4,397.95 ","$262,959.25 ","$36,645.56 ",
Barry Larsen,Praesent.eu.dui@bibendumsed.com,USA,0,57,"$68,090.51 ","$6,181.97 ","$316,064.03 ","$53,655.54 ",
Lawrence Ryan,condimentum@duilectus.co.uk,USA,0,60,"$54,122.88 ","$15,164.88 ","$254,617.26 ","$45,977.13 ",
Allen Burke,eu.ultrices@In.edu,USA,1,39,"$59,316.94 ","$12,296.34 ","$510,811.37 ","$38,504.39 ",
Nero Morgan,non.sapien@seddictumeleifend.edu,USA,0,61,"$38,779.18 ","$12,758.90 ","$581,497.89 ","$47,935.94 ",
Reuben Holden,pede.nonummy@Vivamusnonlorem.co.uk,USA,1,50,"$88,292.73 ","$10,799.14 ","$378,357.94 ","$60,222.23 ",
Orson Hyde,gravida.sit@eget.net,USA,1,37,"$68,688.40 ","$15,796.32 ","$375,889.64 ","$38,930.55 ",
Nolan Conner,feugiat@felisNulla.org,USA,1,45,"$51,906.85 ","$13,686.97 ","$85,520.85 ","$27,810.22 ",
Stuart Reed,elementum@SeddictumProin.net,USA,1,50,"$52,373.79 ","$11,347.63 ","$633,383.49 ","$47,604.35 ",
Rashad Harper,auctor@arcuimperdiet.ca,USA,0,32,"$73,768.12 ","$8,132.07 ","$562,663.81 ","$42,356.69 ",
Dieter Delaney,sit.amet.risus@ipsum.ca,USA,0,34,"$55,576.84 ","$9,396.01 ","$475,126.13 ","$31,300.54 ",
Hop Farley,in@et.co.uk,USA,1,45,"$59,689.81 ","$14,862.84 ","$449,895.30 ","$42,369.64 ",
Darius Herring,imperdiet@sem.edu,USA,0,50,"$55,381.53 ","$5,088.24 ","$20,000.00 ","$31,837.23 ",
Baker Saunders,Aliquam.nisl@hendreritidante.org,USA,0,51,"$34,154.78 ","$5,316.01 ","$216,355.34 ","$26,499.31 ",
Kermit Fuentes,ac@sedpedeCum.org,USA,0,53,"$54,382.75 ","$6,940.06 ","$191,168.45 ","$38,172.84 ",
Marvin Garner,in@sed.org,USA,0,34,"$65,919.60 ","$7,594.36 ","$543,789.72 ","$39,433.41 ",
Sebastian Marks,et.eros@feugiatmetussit.net,USA,0,56,"$39,488.46 ","$10,992.33 ","$363,561.20 ","$37,714.32 ",
Hector Price,Aliquam.nisl@semegetmassa.co.uk,USA,1,57,"$72,637.84 ","$14,938.51 ","$352,507.90 ","$57,125.42 ",
Holmes Irwin,Nunc.sed.orci@Namligulaelit.net,USA,1,48,"$67,247.08 ","$9,851.69 ","$368,344.06 ","$46,453.35 ",
Trevor Faulkner,ut@vitaesodales.net,USA,0,40,"$71,271.84 ","$13,122.46 ","$411,045.83 ","$43,855.06 ",
Gannon Nguyen,et.rutrum.eu@congue.net,USA,0,50,"$71,693.45 ","$14,421.48 ","$517,480.09 ","$55,592.70 ",
Quentin Randall,Fusce.aliquet@egetmassa.co.uk,USA,0,47,"$57,860.53 ","$7,146.19 ","$445,745.55 ","$42,484.02 ",
Baker Norton,convallis@purus.net,USA,1,39,"$69,142.08 ","$8,707.51 ","$399,124.45 ","$40,879.19 ",
Hakeem Mendoza,Maecenas@scelerisquelorem.ca,USA,1,36,"$52,477.66 ","$12,071.42 ","$97,706.89 ","$20,653.21 ",
Peter Maynard,vel.est.tempor@egetvenenatisa.com,USA,1,44,"$47,592.05 ","$13,167.66 ","$473,101.03 ","$35,438.81 ",
Devin Humphrey,sodales.Mauris@ametornare.ca,USA,0,47,"$48,123.37 ",$921.53 ,"$405,550.17 ","$36,112.79 ",
Isaiah Harding,pede.blandit@disparturient.net,USA,1,33,"$76,916.42 ","$13,923.96 ","$315,183.57 ","$38,182.30 ",
Graiden Powell,pellentesque.tellus@faucibusidlibero.com,USA,1,42,"$65,714.46 ","$12,557.08 ","$362,707.03 ","$41,026.02 ",
Chancellor Padilla,pharetra@nuncsedlibero.edu,USA,1,47,"$40,346.06 ","$11,505.90 ","$255,922.47 ","$27,889.95 ",
Philip Barnes,senectus.et.netus@nibhDonecest.net,USA,0,40,"$71,148.20 ","$7,917.65 ","$416,817.47 ","$43,724.49 ",
Cameron Cash,auctor@ipsum.org,USA,1,54,"$81,757.67 ","$7,500.78 ","$278,181.84 ","$57,430.77 ",
Eric Green,arcu.vel.quam@magnaPraesentinterdum.co.uk,USA,0,38,"$64,867.15 ","$13,962.95 ","$498,441.57 ","$41,104.07 ",
Tanek Koch,blandit@nunc.org,USA,0,40,"$70,051.94 ","$4,701.32 ","$613,706.54 ","$49,050.85 ",
Alan Browning,purus@Sed.ca,USA,1,45,"$62,043.17 ","$4,980.67 ","$357,639.03 ","$41,265.53 ",
Phelan Montoya,magna.tellus.faucibus@etmalesuadafames.co.uk,USA,0,51,"$85,186.49 ","$12,413.03 ","$546,630.53 ","$64,545.16 ",
Chancellor Patel,metus.eu.erat@suscipitnonummy.com,USA,1,38,"$47,127.42 ","$10,221.15 ","$427,011.50 ","$29,052.10 ",
Palmer Cohen,non.leo@mollis.net,USA,1,34,"$61,177.09 ","$9,837.22 ","$340,663.33 ","$30,719.82 ",
Ahmed Wright,consectetuer@auctorodio.com,USA,1,50,"$57,770.36 ","$8,628.43 ","$211,765.25 ","$38,763.11 ",
Burton Carroll,rhoncus.id.mollis@Maurisvel.org,USA,0,42,"$60,432.40 ","$11,417.46 ","$415,005.36 ","$39,331.20 ",
Nero Miranda,semper@vulputateposuere.net,USA,1,33,"$58,999.89 ","$6,904.42 ","$478,422.80 ","$32,608.45 ",
Ali Strong,dis.parturient.montes@eratvel.com,USA,1,56,"$62,645.96 ","$11,431.23 ","$613,242.17 ","$58,045.56 ",
Nasim Ryan,est.congue.a@convalliserat.net,USA,0,57,"$68,782.16 ","$9,810.75 ","$350,157.84 ","$54,387.28 ",
August Duncan,tempor.bibendum@Nuncpulvinar.co.uk,USA,1,37,"$67,545.96 ","$7,171.47 ","$322,905.46 ","$36,638.21 ",
Kieran Gilliam,ac.nulla@consectetueripsumnunc.co.uk,USA,0,51,"$42,415.49 ","$5,205.01 ","$520,997.24 ","$39,522.13 ",
Stone Hunt,convallis.erat@eratvel.org,USA,0,63,"$44,617.98 ","$9,683.74 ","$251,702.12 ","$42,978.35 ",
Malachi Henson,adipiscing.elit@Nunc.com,USA,1,53,"$72,226.56 ","$5,817.15 ","$623,033.48 ","$60,865.76 ",
Seth Massey,in.aliquet@fermentumvel.com,USA,1,51,"$48,958.91 ","$2,418.86 ","$615,672.47 ","$46,380.45 ",
Ulric Robles,fringilla@ornare.edu,USA,1,48,"$86,067.84 ","$9,181.07 ","$335,652.62 ","$56,579.90 ",
Gannon Marquez,Aliquam@porttitor.net,USA,1,41,"$65,554.40 ","$12,026.58 ","$462,613.86 ","$42,774.36 ",
Marshall Armstrong,ipsum.cursus.vestibulum@a.com,USA,0,39,"$69,248.50 ","$6,445.78 ","$298,246.06 ","$37,879.65 ",
Christian Huffman,dignissim.Maecenas@tinciduntnuncac.co.uk,USA,0,45,"$59,331.24 ","$10,027.53 ","$543,313.35 ","$45,208.43 ",
Gil Sanders,eu.ultrices@cursuset.net,USA,0,70,"$52,323.24 ","$12,438.86 ","$346,555.17 ","$56,229.41 ",
Otto Thomas,orci.tincidunt.adipiscing@erat.edu,USA,0,51,"$63,552.85 ","$9,347.50 ","$474,763.47 ","$50,455.12 ",
Moses Blackburn,et.malesuada.fames@musProin.edu,USA,0,51,"$75,116.11 ","$5,969.67 ","$232,607.39 ","$49,721.31 ",
Drake Chen,enim.commodo@consequatenimdiam.com,USA,0,42,"$38,284.02 ","$15,467.79 ","$587,010.55 ","$31,697.00 ",
Christian Hernandez,dolor@vehiculaPellentesque.co.uk,USA,1,50,"$55,293.51 ","$9,465.09 ","$629,764.27 ","$49,220.02 ",
Jelani F. Pace,Morbi@atarcuVestibulum.co.uk,USA,1,40,"$63,210.76 ","$3,657.86 ","$664,431.40 ","$46,188.84 ",
Tiger I. Melton,rhoncus@nisl.net,USA,1,44,"$54,918.39 ","$8,920.39 ","$347,017.83 ","$36,086.93 ",
Quail D. Horne,sit.amet@FuscemollisDuis.org,USA,0,52,"$57,262.80 ","$7,793.07 ","$322,150.35 ","$43,264.05 ",
Hammett A. Manning,sapien.cursus.in@netus.edu,USA,1,41,"$72,299.95 ","$11,544.93 ","$275,389.07 ","$40,660.38 ",
Lamar V. Guthrie,vel@arcuVestibulumante.com,USA,0,57,"$50,241.49 ","$14,817.71 ","$607,395.02 ","$51,683.61 ",
Abra D. Golden,odio@Duis.com,USA,0,54,"$65,834.57 ","$15,353.26 ","$152,012.35 ","$44,525.02 ",
Vaughan L. Mathis,eu@iaculis.org,USA,1,50,"$60,382.18 ","$11,302.88 ","$490,444.41 ","$48,518.90 ",
Alfreda V. Harrell,molestie@mi.net,USA,1,37,"$68,691.17 ","$16,305.79 ","$619,707.42 ","$45,805.31 ",
Nora X. Decker,non.enim@diam.org,USA,0,52,"$65,446.66 ","$8,491.59 ","$571,564.79 ","$54,850.39 ",
Jeanette Q. Leach,vitae@nisl.net,USA,0,43,"$42,978.34 ","$8,884.11 ","$491,193.38 ","$32,478.45 ",
Keiko O. Whitaker,est@porttitortellus.com,USA,0,52,"$58,143.06 ","$9,686.12 ","$261,152.82 ","$42,209.29 ",
Hector F. Leblanc,Curabitur@maurisaliquameu.net,USA,0,64,"$61,666.29 ","$11,672.72 ","$299,854.22 ","$55,125.93 ",
Emerald R. Cohen,in.consequat.enim@consectetuer.edu,USA,0,51,"$64,854.34 ","$3,247.89 ","$371,240.24 ","$47,984.42 ",
Cathleen E. Ortega,lectus@aliquamenim.org,USA,0,55,"$45,757.16 ","$11,207.02 ","$465,709.89 ","$43,405.89 ",
Velma K. Moses,augue.scelerisque@luctuslobortis.com,USA,1,47,"$73,096.51 ","$10,743.79 ","$196,421.74 ","$44,577.45 ",
Lael W. Sheppard,eu.metus@sodalespurusin.net,USA,1,36,"$67,249.06 ","$12,998.47 ","$396,793.47 ","$37,744.54 ",
Indigo P. Dejesus,quam.Pellentesque.habitant@felis.com,USA,0,39,"$77,165.81 ","$8,737.20 ","$478,853.32 ","$47,805.26 ",
Quinlan S. Cantu,pede.Praesent.eu@Aliquam.net,USA,1,45,"$72,316.18 ","$8,728.92 ","$279,393.49 ","$44,846.69 ",
Mariam I. Montgomery,vel.mauris@accumsanneque.co.uk,USA,1,47,"$68,431.27 ","$14,088.91 ","$383,693.20 ","$46,643.27 ",
Pamela M. Cantu,posuere.enim.nisl@lectusNullam.ca,USA,0,47,"$62,311.12 ","$9,832.06 ","$830,430.37 ","$56,563.99 ",
Hanna C. Martinez,Maecenas.mi.felis@amet.co.uk,USA,0,60,"$53,229.15 ","$10,756.61 ","$112,127.26 ","$41,673.45 ",
Lynn S. Avery,dui.Suspendisse.ac@Sedegetlacus.net,USA,1,59,"$77,662.11 ","$13,444.90 ","$331,460.47 ","$61,118.47 ",
Laurel H. Snow,dui.Suspendisse.ac@tacitisociosqu.org,USA,1,36,"$69,494.70 ","$20,000.00 ","$335,809.62 ","$37,303.57 ",
Keegan Q. Ramirez,aliquet@volutpatNulla.edu,USA,0,47,"$61,063.36 ","$12,066.27 ","$509,543.09 ","$46,892.27 ",
Shad K. Hancock,sit.amet@Proin.org,USA,1,38,"$79,368.92 ","$13,501.93 ","$761,935.52 ","$56,457.74 ",
Harding E. York,quis.lectus.Nullam@egestas.org,USA,1,42,"$61,693.44 ","$10,835.26 ","$620,522.38 ","$45,509.70 ",
Indira A. Aguilar,erat.Sed.nunc@aneque.ca,USA,1,33,"$47,211.67 ","$4,295.23 ","$539,365.94 ","$27,625.44 ",
Bell K. Romero,non.sapien.molestie@rhoncus.edu,USA,1,39,"$69,897.75 ","$9,624.91 ","$565,814.73 ","$46,389.50 ",
Cassady L. Foreman,magna.Suspendisse@tincidunt.edu,USA,0,39,"$63,675.93 ","$9,631.97 ","$74,257.83 ","$29,002.06 ",
Samson N. Wagner,magna@sagittisaugueeu.org,USA,1,55,"$72,302.03 ","$10,813.76 ","$234,159.08 ","$51,355.71 ",
Wade O. Diaz,vel.sapien.imperdiet@dolorsit.co.uk,USA,0,45,"$63,687.50 ","$13,421.37 ","$358,615.93 ","$42,011.20 ",
Len B. Finley,dis@dis.edu,USA,1,51,"$63,678.15 ","$5,011.62 ","$563,498.66 ","$52,654.40 ",
Emerald U. Hanson,dui.quis.accumsan@pedeCrasvulputate.co.uk,USA,0,49,"$77,435.47 ","$6,922.15 ","$48,620.32 ","$44,432.72 ",
Cody G. Gill,sagittis.Nullam@acrisus.com,USA,1,46,"$62,721.41 ","$16,127.57 ","$494,985.54 ","$46,054.60 ",
Kyle R. Kaufman,Morbi.vehicula@mattis.org,USA,1,53,"$70,842.84 ","$9,536.90 ","$545,947.00 ","$58,235.41 ",
Drake D. Gray,orci.consectetuer@porttitor.com,USA,1,39,"$55,285.99 ","$17,462.08 ","$734,443.70 ","$42,990.29 ",
Honorato M. Butler,Cum.sociis.natoque@purus.ca,USA,1,43,"$72,002.06 ","$14,709.66 ","$568,947.75 ","$50,702.18 ",
Tate C. Foster,dignissim.magna@Maurisvel.edu,USA,1,70,"$41,434.51 ","$6,810.56 ","$252,220.29 ","$47,009.58 ",
Zelenia L. Lowe,Nunc.mauris.elit@Curabiturvel.edu,USA,0,51,"$60,404.38 ","$4,198.84 ","$513,974.68 ","$49,399.97 ",
Callum U. Sweet,sem.ut@odio.edu,USA,0,52,"$65,239.06 ","$7,437.21 ","$168,703.34 ","$42,997.17 ",
Zane I. Boone,blandit@Cum.edu,USA,1,45,"$62,939.13 ",$632.05 ,"$455,589.80 ","$44,434.98 ",
Timothy J. Terrell,orci@lobortis.com,USA,0,48,"$60,608.40 ","$8,233.28 ","$492,113.01 ","$46,325.51 ",
Zahir A. Estes,eleifend.vitae@Pellentesquehabitantmorbi.ca,USA,1,48,"$56,118.40 ","$9,242.78 ","$586,717.47 ","$46,846.73 ",
Michelle W. Ryan,ante.lectus@duiCum.net,USA,0,48,"$86,706.33 ","$9,653.26 ","$333,543.69 ","$56,499.10 ",
Serena B. Moody,vitae.risus.Duis@hymenaeos.edu,USA,1,57,"$41,236.36 ","$9,399.34 ","$466,988.26 ","$42,773.76 ",
Mark V. Vaughn,Morbi.vehicula@ac.net,USA,1,46,"$77,146.28 ","$7,903.33 ","$418,764.51 ","$52,313.98 ",
Anjolie A. Galloway,consequat.nec.mollis@nec.ca,USA,0,44,"$56,437.30 ","$10,461.98 ","$249,182.78 ","$34,139.64 ",
Kylee O. Warner,cursus.in@neque.co.uk,USA,1,65,"$70,703.85 ","$5,025.37 ","$284,991.74 ","$60,763.25 ",
MacKenzie O. Fowler,Aliquam.nec.enim@nec.co.uk,USA,0,57,"$69,810.46 ","$4,684.56 ","$720,423.82 ","$66,158.69 ",
Lana S. Pace,augue@orci.com,USA,1,47,"$54,279.40 ","$5,699.18 ","$124,979.05 ","$31,215.64 ",
Wilma L. Stevenson,non.vestibulum@consectetuer.ca,USA,0,36,"$70,334.43 ","$9,823.22 ","$632,600.47 ","$46,135.27 ",
Sandra J. Huber,enim@famesac.org,USA,0,57,"$59,168.01 ","$10,474.44 ","$623,487.60 ","$56,973.18 ",
Octavius C. Spencer,Curabitur.consequat@miDuisrisus.com,USA,0,33,"$61,889.62 ","$12,024.48 ","$133,226.06 ","$24,184.07 ",
Brendan G. Kelley,vel@lorem.org,USA,1,43,"$66,013.95 ","$7,039.54 ","$610,942.14 ","$49,079.62 ",
Shaeleigh M. Mckenzie,diam.lorem.auctor@estmollisnon.net,USA,1,46,"$55,434.04 ","$18,693.15 ","$316,906.64 ","$37,093.92 ",
Rooney R. Padilla,eu.turpis@accumsansed.co.uk,USA,0,45,"$68,499.69 ","$15,436.80 ","$308,445.86 ","$43,401.57 ",
Damon K. Boone,nec@ad.net,USA,1,43,"$54,749.89 ","$7,631.69 ","$152,883.35 ","$29,092.13 ",
Taylor A. Patel,erat.vitae.risus@temporarcu.edu,USA,1,38,"$74,590.25 ","$5,614.00 ","$573,441.97 ","$48,349.16 ",
Lillith H. Larsen,dignissim.lacus.Aliquam@maurissapien.com,USA,1,40,"$67,772.67 ","$6,887.25 ","$134,188.45 ","$33,261.00 ",
Tobias L. Sullivan,tempus.non@nasceturridiculus.ca,USA,1,43,"$62,563.58 ","$6,130.31 ","$426,488.75 ","$41,327.17 ",
Quincy Q. Ayers,nisl.Nulla@Donecelementumlorem.net,USA,0,42,"$70,361.02 ","$12,024.73 ","$575,500.77 ","$49,336.12 ",
Ulysses X. Burch,Sed.nunc.est@arcuMorbi.edu,USA,0,51,"$74,810.89 ","$13,658.34 ","$286,849.79 ","$51,405.55 ",
Jorden I. Whitley,turpis@orci.com,USA,0,38,"$49,346.41 ","$5,827.82 ","$479,685.98 ","$31,249.99 ",
Heather G. Goodwin,semper.egestas@maurissapien.co.uk,USA,1,41,"$73,426.09 ","$14,822.80 ","$336,867.71 ","$43,598.97 ",
Yardley W. Jacobson,enim.non.nisi@Ut.net,USA,1,54,"$47,684.46 ","$10,128.76 ","$613,372.89 ","$48,300.02 ",
Gray F. Walker,lobortis.Class.aptent@iaculis.com,USA,0,45,"$72,939.83 ","$7,787.20 ","$589,669.66 ","$54,013.48 ",
Piper S. Houston,risus@enimconsequat.org,USA,0,41,"$72,277.83 ","$13,580.88 ","$202,710.13 ","$38,674.66 ",
Chester X. Carrillo,tempor.erat.neque@ac.com,USA,1,40,"$53,921.33 ","$9,046.18 ","$515,305.48 ","$37,076.83 ",
Nathaniel P. Stephens,Cras.dictum.ultricies@conubia.ca,USA,0,32,"$65,312.97 ","$11,398.82 ","$572,037.89 ","$37,947.85 ",
Jennifer C. Williamson,rutrum@fermentumconvallisligula.ca,USA,0,54,"$55,619.34 ","$11,212.44 ","$229,070.55 ","$41,320.07 ",
Rae C. Hodge,lacus@massaSuspendisse.ca,USA,0,55,"$70,914.60 ","$9,644.41 ","$779,143.60 ","$66,888.94 ",
Urielle M. Contreras,elit.Aliquam.auctor@dolor.org,USA,0,35,"$33,423.00 ","$8,570.61 ","$211,168.63 ","$12,536.94 ",
Mechelle W. Stanton,Pellentesque.habitant@auctorquistristique.org,USA,0,46,"$53,382.43 ","$5,055.44 ","$438,491.88 ","$39,549.13 ",
Leila F. Hubbard,ultrices.posuere.cubilia@magnisdis.com,USA,1,45,"$74,173.39 ","$11,315.60 ","$521,404.24 ","$52,709.08 ",
Tanisha H. Foster,sem.vitae@malesuadafringillaest.net,USA,0,50,"$53,587.13 ","$8,501.50 ","$811,594.04 ","$53,502.98 ",
Hammett F. Marsh,tempus.scelerisque@maurisaliquam.ca,USA,1,54,"$58,011.63 ","$9,822.43 ","$552,454.03 ","$52,116.91 ",
Calvin A. Lancaster,ante.bibendum.ullamcorper@fringilla.net,USA,1,29,"$69,171.95 ","$6,354.83 ","$613,104.78 ","$38,705.66 ",
Rachel H. Ballard,ipsum.leo.elementum@amet.org,USA,1,56,"$66,779.91 ","$14,300.13 ","$202,576.62 ","$48,025.03 ",
Solomon P. Randolph,orci.luctus.et@lacus.com,USA,0,54,"$79,173.08 ","$6,913.06 ","$397,700.14 ","$59,483.91 ",
Kasimir Q. Cherry,risus@in.net,USA,0,33,"$63,065.12 ","$8,907.66 ","$505,897.30 ","$35,911.65 ",
Dominic I. Faulkner,pharetra.Nam@sociisnatoque.org,USA,0,48,"$65,530.36 ","$8,774.07 ","$210,573.70 ","$41,034.28 ",
Pascale I. Key,urna.suscipit@enim.ca,USA,0,49,"$63,732.39 ","$12,848.20 ","$581,620.48 ","$51,730.17 ",
Nola L. Sweeney,eu@necmaurisblandit.co.uk,USA,0,55,"$62,689.54 ","$8,732.14 ","$481,513.51 ","$53,021.86 ",
Clementine X. Powell,quis.pede@Aliquamfringilla.ca,USA,0,42,"$51,539.93 ","$6,932.95 ","$371,355.69 ","$32,828.03 ",
Quinlan U. Sears,magna@velarcueu.ca,USA,1,41,"$59,060.09 ","$5,841.61 ","$136,346.31 ","$29,417.65 ",
Odette Q. Sherman,Mauris.molestie@Intincidunt.co.uk,USA,1,53,"$62,713.78 ","$11,498.04 ","$679,435.17 ","$57,461.51 ",
Kirestin F. Yang,eleifend.egestas.Sed@tempus.net,USA,1,53,"$44,747.66 ","$4,975.14 ","$793,986.62 ","$50,441.62 ",
Colleen S. Mcguire,tincidunt@Proinsedturpis.edu,USA,0,44,"$65,529.70 ","$3,932.84 ","$353,929.55 ","$41,575.35 ",
Dennis N. Thompson,vitae.erat@urnaNullamlobortis.ca,USA,0,42,"$62,426.52 ","$6,619.93 ","$630,411.27 ","$46,412.48 ",
Lester J. Burch,Nunc.mauris@commodo.com,USA,0,41,"$73,498.31 ","$3,066.94 ","$491,904.19 ","$47,610.12 ",
Madeson R. Salinas,Cum.sociis.natoque@acnullaIn.edu,USA,0,48,"$86,565.16 ","$13,701.80 ","$819,002.17 ","$70,878.30 ",
Abigail X. Lindsey,dui@nondui.ca,USA,0,63,"$46,549.16 ",$640.05 ,"$626,163.83 ","$55,543.38 ",
Rachel E. Suarez,non.vestibulum.nec@euturpis.co.uk,USA,1,59,"$70,111.54 ","$7,949.46 ","$239,217.67 ","$53,848.76 ",
Derek X. Richards,tincidunt@porttitor.com,USA,1,45,"$66,747.67 ","$9,691.23 ","$221,290.98 ","$39,904.82 ",
Evangeline G. Cooper,Integer.id.magna@Sedidrisus.org,USA,1,47,"$72,025.68 ","$6,988.65 ","$222,341.03 ","$44,736.41 ",
Kieran G. Justice,in@Sed.co.uk,USA,1,49,"$70,737.29 ","$13,851.11 ","$266,765.48 ","$46,937.17 ",
Zenia H. Patel,dis@tortor.com,USA,1,40,"$57,455.76 ","$12,186.03 ","$159,727.88 ","$28,440.81 ",
Michelle R. Burke,dui@justo.ca,USA,1,41,"$60,657.59 ","$3,331.30 ","$392,177.79 ","$38,148.00 ",
Florence U. Hunter,diam@tellus.org,USA,0,47,"$50,694.43 ","$10,881.90 ","$587,858.63 ","$42,747.54 ",
Jelani A. Wall,aliquet@Duisa.co.uk,USA,0,27,"$55,369.73 ","$10,888.93 ","$606,851.17 ","$29,670.83 ",
"England, Abel D.",enim.commodo@parturientmontesnascetur.org,USA,1,46,"$82,425.65 ","$7,525.25 ","$684,273.59 ","$63,038.20 ",
"Oconnor, Linus Q.",Donec.elementum@Fuscemilorem.co.uk,USA,0,51,"$82,094.11 ","$1,065.61 ","$577,272.68 ","$63,248.76 ",
"Herman, Griffith P.",ligula.Nullam.enim@nibhlacinia.edu,USA,0,43,"$74,090.51 ","$10,877.69 ","$225,670.13 ","$42,321.57 ",
"Knapp, Quamar P.",Maecenas.libero.est@miacmattis.com,USA,0,32,"$73,935.74 ","$8,253.58 ","$625,484.09 ","$44,463.31 ",
"Chambers, Avram C.",Nunc.pulvinar.arcu@ultricesaauctor.ca,USA,1,63,"$75,719.23 ","$10,515.28 ","$474,485.67 ","$67,092.23 ",
"Cervantes, Rylee Q.",luctus.lobortis.Class@sitametdapibus.co.uk,USA,1,35,"$47,054.14 ","$7,234.67 ","$275,762.48 ","$22,091.12 ",
"Ashley, Macon Z.",metus.Vivamus.euismod@arcuVivamus.co.uk,USA,1,50,"$42,003.02 ","$6,052.84 ","$579,220.04 ","$40,022.17 ",
"Jimenez, Joel G.",faucibus.lectus.a@ut.net,USA,0,51,"$74,418.56 ","$8,632.70 ","$472,761.62 ","$56,071.61 ",
"Bond, Caryn Y.",libero.Proin@acnulla.net,USA,1,54,"$52,786.20 ","$9,246.81 ","$556,014.97 ","$49,442.12 ",
"Gross, Cedric D.",aliquam.adipiscing@maurissapien.edu,USA,0,37,"$78,805.00 ","$12,710.00 ","$315,058.72 ","$42,497.73 ",
"Dyer, Aline L.",convallis@scelerisque.net,USA,0,44,"$66,932.47 ","$11,033.16 ","$149,761.13 ","$37,084.78 ",
"Rivers, Sonya A.",vel.lectus@Praesent.net,USA,1,57,"$56,066.08 ","$5,235.76 ","$497,876.25 ","$51,866.49 ",
"Frazier, Kai O.",Cras@quamelementum.com,USA,0,47,"$48,591.57 ","$14,309.21 ","$364,858.71 ","$35,716.31 ",
"Bond, Nyssa S.",fringilla.euismod.enim@aauctornon.net,USA,0,52,"$38,213.89 ","$11,492.74 ","$579,059.31 ","$39,892.93 ",
"Rush, Jarrod T.",vestibulum.nec.euismod@netusetmalesuada.ca,USA,1,52,"$56,444.77 ","$11,932.74 ","$69,821.64 ","$35,781.16 ",
"Stephens, Tanner E.",egestas@turpisnecmauris.com,USA,0,48,"$67,080.61 ","$7,880.42 ","$244,188.00 ","$42,866.21 ",
"Cameron, Kimberley P.",nec.tellus@lacinia.co.uk,USA,1,55,"$83,333.81 ","$9,874.08 ","$1,000,000.00 ","$80,000.00 ",
"Mcdowell, Victoria J.",risus.Duis@ornareFuscemollis.net,USA,0,47,"$73,502.12 ","$11,132.39 ","$765,711.60 ","$60,526.98 ",
"Dalton, Grant D.",velit@doloregestas.net,USA,1,45,"$88,816.03 ","$9,317.22 ","$493,592.18 ","$59,758.73 ",
"Gregory, Reuben Z.",fermentum@blanditviverra.ca,USA,1,40,"$70,381.37 ","$6,718.86 ","$305,253.27 ","$39,606.25 ",
"Schultz, Lee I.",velit.eget.laoreet@quis.ca,USA,1,47,"$67,647.75 ","$8,767.78 ","$787,984.29 ","$58,641.71 ",
"Wise, Mechelle E.",est.mollis@dui.ca,USA,0,45,"$79,781.90 ","$11,148.10 ","$427,287.63 ","$52,983.89 ",
"Mcclure, Avye L.",dictum@lorem.org,USA,1,49,"$64,665.39 ","$7,404.08 ","$521,815.74 ","$50,666.88 ",
"Livingston, Blaze Y.",montes.nascetur@liberoet.co.uk,USA,0,60,"$58,837.97 ","$12,788.82 ","$622,324.75 ","$59,625.03 ",
"Fuentes, Dora E.",nonummy@ornareelitelit.org,USA,0,34,"$49,607.23 ","$9,344.32 ","$290,711.87 ","$22,630.26 ",
"Thompson, Alvin R.",interdum.ligula@Phasellus.edu,USA,0,36,"$67,032.16 ","$7,666.53 ","$516,738.17 ","$41,137.89 ",
"Armstrong, Hedda N.",magnis.dis@aliquam.org,USA,0,51,"$65,245.57 ","$11,554.27 ","$542,777.49 ","$53,496.48 ",
"Casey, Sylvia E.",Integer.vitae.nibh@a.org,USA,0,42,"$56,174.34 ","$10,394.57 ","$398,011.58 ","$36,543.94 ",
"Shaw, Rooney Q.",Curabitur.vel@Nullam.net,USA,0,48,"$47,227.02 ","$11,312.51 ","$642,335.10 ","$43,503.97 ",
"Sexton, Shaeleigh H.",Cras.convallis.convallis@Fuscealiquam.net,USA,1,35,"$40,300.49 ","$8,828.16 ","$719,846.98 ","$31,146.71 ",
"Langley, Skyler J.",mi.eleifend.egestas@cursuset.net,USA,1,44,"$45,504.75 ","$9,245.47 ","$374,777.69 ","$31,526.05 ",
"Caldwell, Yolanda F.",ac.facilisis.facilisis@necmalesuada.com,USA,0,48,"$50,017.38 ","$7,514.39 ","$160,487.00 ","$31,083.70 ",
"Olson, Riley O.",ornare.sagittis@hendrerit.ca,USA,1,47,"$66,226.73 ","$8,511.81 ","$356,213.08 ","$45,366.36 ",
"Irwin, Dillon J.",arcu@dictummiac.edu,USA,0,31,"$41,361.95 ","$10,755.51 ","$615,720.04 ","$25,252.93 ",
"Terry, Mollie K.",quam.dignissim.pharetra@aauctornon.ca,USA,1,45,"$56,687.41 ","$9,050.28 ","$414,034.61 ","$39,888.60 ",
"Hudson, Maxwell F.",metus.eu.erat@non.org,USA,0,49,"$68,114.60 ","$11,633.95 ","$521,061.11 ","$52,240.73 ",
"Levy, Irma P.",lacus.varius@sitamet.ca,USA,0,61,"$51,086.88 ","$12,254.54 ","$59,630.08 ","$39,911.61 ",
"Brady, Oscar Y.",erat@urnaUttincidunt.com,USA,0,51,"$71,921.45 ","$6,354.37 ","$169,714.27 ","$45,857.75 ",
"Dudley, Ryder M.",sed@sedtortor.co.uk,USA,1,35,"$56,807.02 ","$8,851.56 ","$385,250.72 ","$30,826.11 ",
"Morales, Halla M.",elit.elit.fermentum@erosturpisnon.org,USA,0,53,"$43,019.85 ","$8,527.03 ","$454,791.73 ","$39,422.79 ",
"Holloway, Brennan Q.",fringilla.purus.mauris@risusatfringilla.ca,USA,1,42,"$63,875.21 ","$11,397.69 ","$188,327.58 ","$34,678.83 ",
"Powers, Naomi B.",Cras.eu@vitaevelitegestas.net,USA,1,39,"$41,587.39 ","$5,397.03 ","$322,891.78 ","$23,517.92 ",
"Armstrong, Naomi D.",nunc.sed.pede@Quisqueporttitor.net,USA,1,38,"$49,661.97 ","$4,679.44 ","$375,654.15 ","$28,733.69 ",
"Flores, Caldwell U.",ut@Etiamvestibulum.ca,USA,0,41,"$92,471.18 ","$5,404.40 ","$515,717.75 ","$59,096.27 ",
"Russo, Fleur N.",erat@at.edu,USA,0,44,"$70,136.83 ","$7,765.98 ","$555,993.11 ","$50,188.87 ",
"Reese, Sylvia H.",Proin.nisl.sem@Maecenasmalesuada.co.uk,USA,1,43,"$52,664.72 ","$14,435.74 ","$411,932.82 ","$35,659.12 ",
"Burke, Simon H.",lacinia@Nullam.com,USA,1,39,"$55,618.07 ","$7,557.66 ","$854,283.56 ","$46,398.35 ",
"Mayer, Paki D.",Nunc.lectus.pede@egestasrhoncus.com,USA,0,33,"$54,912.44 ","$8,203.56 ","$537,572.13 ","$32,291.19 ",
"Bush, Jessica C.",dolor.sit.amet@iaculisneceleifend.ca,USA,0,47,"$56,692.78 ","$7,946.44 ","$685,541.65 ","$49,079.29 ",
"West, April J.",ante@nisi.org,USA,0,45,"$63,561.05 ","$3,730.12 ","$608,019.63 ","$49,348.88 ",
"Levy, Wesley S.",facilisis.vitae.orci@sociosquad.co.uk,USA,1,51,"$62,788.94 ","$13,224.45 ","$192,514.64 ","$41,427.60 ",
"Nieves, Bertha O.",dolor@velitegestas.org,USA,0,42,"$38,453.86 ","$15,283.42 ","$320,834.01 ","$24,222.00 ",
"Patrick, Merritt L.",ut@nonummyut.net,USA,0,55,"$59,486.27 ","$6,515.34 ","$228,434.05 ","$44,424.08 ",
"Mcdaniel, Marcia Z.",non.nisi.Aenean@etmagnis.co.uk,USA,1,62,"$68,149.63 ","$9,560.45 ","$401,916.10 ","$60,390.07 ",
"Ortiz, Drew P.",tincidunt@vel.edu,USA,0,52,"$49,393.47 ","$11,521.62 ","$475,263.28 ","$42,793.99 ",
"Oneill, Tiger A.",orci.Phasellus@ut.org,USA,0,51,"$72,262.20 ","$12,124.82 ","$187,821.10 ","$46,935.73 ",
"Sims, Tashya J.",aliquam@anteNuncmauris.ca,USA,1,63,"$64,494.40 ","$8,765.62 ","$408,679.86 ","$58,667.07 ",
"Lawrence, Hope Z.",metus.vitae@Morbisitamet.ca,USA,1,46,"$54,362.70 ","$15,647.35 ","$388,898.07 ","$38,042.80 ",
"Jenkins, Hasad P.",adipiscing.elit.Aliquam@Utsagittislobortis.co.uk,USA,1,47,"$55,657.66 ","$9,625.40 ","$377,424.62 ","$39,270.58 ",
"Rodriguez, Basia D.",Vestibulum@lobortis.org,USA,0,58,"$73,512.41 ","$11,054.27 ","$236,420.97 ","$54,606.19 ",
"Blair, Abra U.",montes@Loremipsum.edu,USA,1,37,"$70,621.52 ","$9,384.07 ","$366,327.74 ","$39,083.94 ",
"Rosario, Elijah N.",In@non.com,USA,1,51,"$70,275.69 ","$10,359.18 ","$253,181.98 ","$47,984.12 ",
"Beach, Victor S.",consequat.auctor@lacuspede.co.uk,USA,0,36,"$74,420.10 ","$10,274.14 ","$551,344.34 ","$46,082.81 ",
"Ruiz, Rafael L.",sed.pede@volutpatNulladignissim.net,USA,1,32,"$54,395.05 ","$10,693.89 ","$549,212.43 ","$30,964.08 ",
"Macdonald, Rahim B.",augue.eu@nisi.edu,USA,1,32,"$60,384.35 ","$11,518.29 ","$589,180.45 ","$35,726.95 ",
"Valdez, Joy U.",lobortis.quam@velarcueu.org,USA,1,43,"$66,813.66 ","$15,458.69 ","$600,685.19 ","$49,065.16 ",
"Watson, Moana M.",ipsum.Suspendisse@diamDuismi.org,USA,0,51,"$84,120.95 ","$9,596.51 ","$27,888.75 ","$48,955.86 ",
"Cote, Evangeline F.",lorem.tristique.aliquet@estNunclaoreet.net,USA,1,43,"$54,236.62 ","$7,275.31 ","$432,447.53 ","$37,183.10 ",
"Delgado, Jasper U.",lacinia@posuere.ca,USA,1,58,"$64,426.60 ","$9,514.65 ","$137,601.84 ","$46,710.53 ",
"Hardy, Hilary R.",egestas.Fusce@orciDonecnibh.com,USA,1,49,"$71,150.20 ","$9,849.00 ","$480,468.25 ","$52,889.56 ",
"Stafford, Berk Y.",Quisque@ultriciessem.net,USA,0,43,"$60,325.21 ","$10,128.12 ","$62,149.94 ","$29,754.66 ",
"Daugherty, Veda M.",venenatis.vel.faucibus@iaculisnec.net,USA,1,48,"$91,083.74 ","$13,148.86 ","$387,538.25 ","$60,960.83 ",
"Harmon, David N.",aliquet.diam.Sed@posuere.org,USA,0,40,"$60,380.23 ","$2,799.72 ","$508,962.49 ","$39,975.43 ",
"Houston, Grant O.",ut.aliquam@egetlacusMauris.ca,USA,1,35,"$72,948.12 ","$12,664.32 ","$360,457.05 ","$38,545.80 ",
"Collier, Xerxes Q.",eu@magnaLorem.org,USA,0,43,"$74,834.57 ","$9,366.03 ","$712,233.82 ","$56,764.45 ",
"Lewis, Jackson U.",pellentesque.a.facilisis@nonlacinia.co.uk,USA,1,57,"$67,752.38 ","$13,851.92 ","$657,178.41 ","$63,079.84 ",
"Smith, Nola H.",orci.lacus.vestibulum@gravidasit.co.uk,USA,1,47,"$59,205.89 ","$2,689.32 ","$856,287.15 ","$55,700.83 ",
"Jensen, Ebony Y.",ac@sagittisNullam.net,USA,0,32,"$64,874.03 ","$8,511.84 ","$528,087.53 ","$36,367.18 ",
"Kim, Claudia W.",sit.amet@dignissimmagnaa.edu,USA,0,44,"$63,305.85 ","$16,146.77 ","$749,016.57 ","$52,477.83 ",
"Livingston, Lucas K.",porttitor.scelerisque@Aliquam.ca,USA,0,50,"$74,176.21 ","$11,894.42 ","$290,608.40 ","$50,296.67 ",
"Bradford, Daquan F.",Nunc@euarcuMorbi.ca,USA,1,44,"$47,230.92 ","$4,421.15 ","$558,001.02 ","$37,259.84 ",
"Park, Quincy A.",amet.consectetuer@orciinconsequat.ca,USA,0,57,"$65,980.96 ","$7,009.19 ","$173,272.90 ","$47,715.96 ",
"Dillon, Lynn W.",ornare.egestas.ligula@urnaVivamusmolestie.com,USA,0,35,"$51,428.66 ","$9,221.27 ","$457,116.19 ","$29,540.87 ",
"Blackburn, Joel Y.",semper@tristique.co.uk,USA,1,53,"$75,381.08 ","$7,925.06 ","$545,125.96 ","$60,567.19 ",
"Sanders, Selma F.",velit.Pellentesque@Nullam.org,USA,1,41,"$54,742.39 ","$10,342.61 ","$447,393.49 ","$36,125.49 ",
"Solis, Melissa T.",placerat.eget@placeratorcilacus.com,USA,0,44,"$76,245.24 ","$6,139.39 ","$674,190.69 ","$57,303.87 ",
"Holmes, Ross Y.",velit@Pellentesquetincidunttempus.net,USA,1,63,"$60,409.76 ","$9,611.32 ","$255,285.41 ","$51,922.08 ",
"Sutton, Michelle D.",enim.Mauris@Namac.net,USA,0,50,"$57,600.60 ","$10,340.30 ","$128,387.93 ","$35,848.83 ",
"Munoz, Kennedy K.",dolor@nislelementumpurus.edu,USA,1,42,"$71,371.93 ","$7,094.83 ","$321,431.28 ","$42,704.32 ",
"Little, Hayley R.",nunc.est@purusmaurisa.co.uk,USA,1,41,"$79,444.01 ","$11,620.11 ","$627,086.66 ","$55,174.99 ",
"Church, Lareina E.",lectus.rutrum.urna@nisinibh.co.uk,USA,0,40,"$47,569.44 ","$7,840.29 ","$281,690.84 ","$26,599.91 ",
"Wolf, Tashya X.",nulla.Integer.vulputate@eutelluseu.edu,USA,1,40,"$71,193.73 ","$3,854.73 ","$762,832.26 ","$53,993.44 ",
"Barr, Hyatt D.",sem@odiovel.edu,USA,1,56,"$46,412.82 ","$11,652.27 ","$595,028.84 ","$47,970.77 ",
"Hopper, Orson W.",luctus@magnaseddui.net,USA,1,48,"$57,368.06 ","$10,175.74 ","$466,128.91 ","$43,641.66 ",
"Decker, Jolie T.",pellentesque.massa.lobortis@facilisis.net,USA,1,41,"$65,826.12 ","$11,715.37 ","$416,748.73 ","$41,679.79 ",
"Chaney, Reuben I.",Integer@vulputate.net,USA,0,61,"$61,824.88 ","$11,212.00 ","$660,897.01 ","$63,140.05 ",
"Ross, Kermit D.",Donec@lacusQuisquepurus.net,USA,1,35,"$61,723.01 ","$9,913.19 ","$291,897.41 ","$30,757.66 ",
"Hampton, Venus Q.",elit@faucibusMorbivehicula.net,USA,0,55,"$72,310.40 ","$3,093.71 ","$724,025.41 ","$65,592.22 ",
"Chavez, Ralph U.",Aenean@interdum.edu,USA,0,37,"$67,548.77 ","$10,462.36 ","$388,284.30 ","$37,871.71 ",
"Whitaker, Adena B.",pharetra.sed.hendrerit@accumsanneque.com,USA,0,48,"$62,175.69 ","$12,967.28 ","$343,290.68 ","$42,919.52 ",
Nola,elit@Fuscealiquamenim.ca,USA,0,32,"$60,584.85 ","$8,133.46 ","$129,635.63 ","$22,599.46 ",
Melodie,facilisi.Sed@tortordictum.com,USA,1,62,"$66,655.41 ","$8,001.64 ","$805,075.52 ","$70,598.97 ",
Seth,dignissim@nibhPhasellus.com,USA,0,49,"$63,718.88 ","$11,863.06 ","$298,920.01 ","$43,242.58 ",
Kyra,Etiam@diamluctus.org,USA,0,43,"$60,862.98 ","$8,033.55 ","$344,060.18 ","$38,138.58 ",
Caldwell,amet@congue.edu,USA,1,36,"$67,508.12 ","$10,188.69 ","$141,587.65 ","$30,419.80 ",
Benjamin,nisi.Mauris.nulla@vitaeodiosagittis.ca,USA,0,61,"$61,639.76 ","$17,870.64 ","$684,209.55 ","$63,868.94 ",
Florence,eros@faucibus.com,USA,0,46,"$63,172.96 ","$6,332.20 ","$456,524.79 ","$45,112.95 ",
Oleg,Aenean.gravida@mifelis.com,USA,0,57,"$58,653.66 ","$17,142.41 ","$201,228.02 ","$44,361.88 ",
Donovan,iaculis.odio.Nam@sedfacilisis.org,USA,1,36,"$40,558.75 ","$4,981.27 ","$283,241.28 ","$19,525.30 ",
Blaze,vitae.semper.egestas@montesnascetur.co.uk,USA,0,49,"$76,870.01 ","$5,575.32 ","$266,531.30 ","$49,991.61 ",
Illana,mi.pede.nonummy@euismodetcommodo.org,USA,1,63,"$71,948.81 ","$8,061.97 ","$365,862.78 ","$61,731.71 ",
Yvette,justo@pedeCras.ca,USA,0,49,"$67,629.85 ","$10,916.86 ","$151,946.31 ","$41,769.38 ",
Walter,metus.vitae.velit@CuraePhasellus.co.uk,USA,1,44,"$67,121.32 ","$12,087.38 ","$472,403.12 ","$46,402.54 ",
Dexter,est.arcu@in.org,USA,1,43,"$57,376.48 ","$12,878.55 ","$376,886.36 ","$37,376.63 ",
Cameran,tristique@ligulaAliquam.net,USA,0,48,"$56,944.87 ","$16,449.07 ","$116,407.53 ","$33,766.64 ",
Penelope,vestibulum@metus.org,USA,0,37,"$60,174.06 ","$15,666.43 ","$271,414.76 ","$30,667.61 ",
Hyatt,erat.Vivamus@ligula.co.uk,USA,1,49,"$81,997.33 ","$12,616.46 ","$237,185.17 ","$52,056.41 ",
Stone,neque.non@iaculisaliquet.edu,USA,1,40,"$36,960.77 ","$1,768.87 ","$630,120.00 ","$30,736.58 ",
Irma,placerat.eget.venenatis@elitpharetraut.edu,USA,0,42,"$64,412.43 ","$10,449.62 ","$355,175.37 ","$39,439.45 ",
Josiah,Phasellus@Aliquamadipiscing.co.uk,USA,1,30,"$70,076.23 ","$1,726.81 ","$552,267.64 ","$38,174.87 ",
Nathan,Nam.interdum.enim@et.com,USA,1,43,"$72,016.92 ","$11,602.74 ","$205,006.22 ","$40,589.86 ",
Stacy,aliquet.odio@fermentumvel.edu,USA,0,55,"$63,186.13 ","$7,122.16 ","$762,601.08 ","$62,028.71 ",
Kane,iaculis.quis.pede@adipiscingenim.net,USA,0,40,"$76,086.84 ","$9,258.18 ","$482,866.55 ","$48,465.27 ",
Reed,diam.nunc@lectusconvallisest.org,USA,1,38,"$74,445.73 ","$7,515.15 ","$297,964.26 ","$40,095.05 ",
Lani,odio.Phasellus@fringilla.co.uk,USA,0,43,"$85,475.64 ","$13,786.15 ","$267,555.12 ","$49,568.48 ",
Curran,risus@Sedmalesuada.net,USA,1,37,"$51,111.77 ","$9,057.60 ","$461,366.78 ","$31,408.63 ",
Rhonda,Sed.congue.elit@faucibusleo.ca,USA,0,41,"$79,064.96 ","$7,221.67 ","$365,871.50 ","$47,719.48 ",
Leroy,arcu.et.pede@Morbinequetellus.org,USA,1,42,"$55,514.99 ","$8,009.72 ","$394,229.90 ","$35,784.42 ",
Adrienne,mauris.Morbi@ligulatortordictum.net,USA,0,38,"$75,901.82 ","$6,512.71 ","$357,468.19 ","$42,905.54 ",
Aileen,venenatis.lacus@nuncQuisque.edu,USA,0,43,"$56,687.94 ","$10,827.16 ","$790,116.43 ","$48,516.84 ",
Rafael,nonummy.Fusce@sem.net,USA,0,44,"$59,801.06 ","$8,042.39 ","$601,744.96 ","$45,593.68 ",
Olivia,lacus.vestibulum.lorem@gravidaAliquamtincidunt.ca,USA,0,41,"$57,303.83 ","$10,836.42 ","$258,194.84 ","$32,061.65 ",
Hiram,ipsum.non.arcu@placeratorci.com,USA,0,46,"$43,412.86 ","$7,843.40 ","$392,003.29 ","$32,208.38 ",
Jelani,consectetuer.adipiscing.elit@vestibulumneceuismod.net,USA,1,46,"$58,948.93 ","$8,282.08 ","$205,439.37 ","$35,475.00 ",
Madeson,libero.et@Crasdictum.ca,USA,1,40,"$56,086.45 ","$6,588.61 ","$228,388.55 ","$29,519.56 ",
Uriah,molestie@commodoauctorvelit.co.uk,USA,1,45,"$80,015.83 ","$9,064.62 ","$508,555.16 ","$55,420.57 ",
Brady,massa@nec.co.uk,USA,1,58,"$41,409.29 ","$8,211.34 ","$421,318.98 ","$42,139.65 ",
Denise,montes@inconsectetuer.edu,USA,0,62,"$40,387.92 ","$5,761.40 ","$622,569.60 ","$50,539.90 ",
Lyle,nascetur@amet.org,USA,0,52,"$48,746.72 ","$3,923.41 ","$217,188.41 ","$34,922.43 ",
Victor,lectus.a@nonhendreritid.org,USA,0,44,"$70,230.15 ","$8,542.02 ","$320,525.73 ","$43,898.27 ",
Demetria,Donec.at@sedlibero.net,USA,0,44,"$64,961.39 ","$6,885.72 ","$265,717.25 ","$39,135.03 ",
Ora,bibendum.Donec.felis@liberoestcongue.org,USA,1,40,"$57,777.16 ","$19,692.91 ","$601,210.28 ","$41,147.47 ",
Trevor,Sed@Pellentesquetincidunttempus.edu,USA,0,33,"$54,447.15 ","$13,141.32 ","$284,155.42 ","$24,134.59 ",
Kristen,urna@vitaeodiosagittis.ca,USA,1,44,"$59,712.31 ","$7,135.99 ","$487,564.55 ","$42,705.11 ",
Aristotle,ac@non.com,USA,0,42,"$65,605.42 ","$13,629.11 ","$297,540.88 ","$38,901.61 ",
Camden,Aliquam.adipiscing.lobortis@loremut.net,USA,1,20,"$70,467.29 ",$100.00 ,"$494,606.63 ","$28,645.39 ",
Urielle,est.congue@Nunc.edu,USA,0,53,"$76,318.88 ","$6,392.21 ","$245,216.17 ","$52,150.42 ",
Jolene,erat.neque.non@elit.com,USA,1,56,"$77,657.56 ","$14,438.24 ","$622,831.92 ","$66,648.25 ",
Holly,accumsan@parturientmontes.net,USA,1,44,"$60,487.90 ","$9,911.04 ","$478,428.72 ","$42,909.27 ",
Wayne,molestie.orci@condimentum.com,USA,1,52,"$67,729.97 ","$10,279.91 ","$314,885.13 ","$49,248.11 ",
Judith,vel.nisl.Quisque@mollisPhasellus.co.uk,USA,0,43,"$49,463.06 ","$6,478.16 ","$201,636.87 ","$27,303.17 ",
Dennis,nunc.nulla.vulputate@dignissimmagnaa.edu,USA,1,49,"$65,850.48 ","$3,912.39 ","$419,556.62 ","$47,869.83 ",
Kaitlin,parturient@Nuncsollicitudincommodo.co.uk,USA,1,56,"$66,505.38 ","$3,942.77 ","$621,309.59 ","$59,984.16 ",
Harriet,amet.orci@tellus.net,USA,0,47,"$58,260.57 ","$4,658.41 ","$507,572.64 ","$45,271.46 ",
Tatyana,sem@parturientmontesnascetur.net,USA,0,25,"$45,092.74 ","$11,380.09 ","$158,758.36 ","$9,000.00 ",
Paula,Nam@enimmitempor.com,USA,1,45,"$63,845.77 ","$7,761.85 ","$505,048.76 ","$46,012.11 ",
Tamekah,ut.pharetra@ametultricies.net,USA,1,46,"$55,293.58 ","$8,276.64 ","$169,476.00 ","$32,967.20 ",
Brandon,non@purusaccumsaninterdum.com,USA,0,33,"$87,598.02 ","$10,814.58 ","$485,563.74 ","$48,785.16 ",
Veda,et.euismod@Duis.co.uk,USA,1,43,"$71,753.31 ","$9,119.79 ","$400,703.27 ","$45,824.57 ",
Seth,Nulla.aliquet@sedturpisnec.co.uk,USA,1,48,"$45,368.16 ","$12,203.49 ","$577,058.18 ","$40,102.11 ",
Kai,velit@molestie.com,USA,0,48,"$45,362.67 ","$2,524.99 ","$399,437.52 ","$35,457.15 ",
Piper,erat.neque@mattisvelitjusto.org,USA,0,40,"$40,727.39 ","$9,725.55 ","$508,529.00 ","$29,556.79 ",
Hillary,ut.mi.Duis@quisarcu.com,USA,1,39,"$58,632.59 ","$12,035.37 ","$516,817.32 ","$38,243.06 ",
Francis,Phasellus@estcongue.ca,USA,0,39,"$66,680.27 ","$10,263.15 ","$556,945.87 ","$44,430.63 ",
Rogan,pulvinar@porttitortellus.ca,USA,1,54,"$75,892.31 ","$8,110.95 ","$177,878.18 ","$51,046.42 ",
Kyle,a.feugiat@enimnisl.com,USA,0,53,"$59,297.42 ","$9,592.43 ","$567,842.13 ","$52,570.37 ",
Vaughan,Aliquam@aaliquet.com,USA,0,51,"$92,455.73 ","$9,877.17 ","$285,326.35 ","$61,404.23 ",
India,risus.at.fringilla@feugiat.ca,USA,0,55,"$32,697.98 ","$10,858.03 ","$218,808.76 ","$28,463.64 ",
Edward,rutrum.urna@faucibusidlibero.co.uk,USA,1,35,"$55,418.76 ","$8,837.65 ","$312,927.92 ","$27,586.20 ",
Laurel,felis@orciconsectetuereuismod.ca,USA,0,43,"$68,921.40 ","$8,120.20 ","$515,012.28 ","$47,979.49 ",
Igor,Proin.eget@aliquetnecimperdiet.org,USA,0,37,"$43,739.98 ","$5,933.18 ","$517,110.95 ","$28,164.86 ",
Diana,purus.ac.tellus@parturientmontesnascetur.org,USA,0,60,"$81,565.96 ","$9,072.06 ","$544,291.95 ","$69,669.47 ",
Todd,egestas.a@vel.ca,USA,0,44,"$65,364.06 ","$7,839.41 ","$579,640.80 ","$48,052.65 ",
Zephania,montes@sedsem.ca,USA,1,39,"$65,019.16 ","$4,931.56 ","$341,330.73 ","$37,364.23 ",
Brock,Vivamus.nisi@elitpharetraut.ca,USA,1,42,"$58,243.18 ","$15,149.03 ","$649,323.79 ","$44,500.82 ",
Avye,Cras@eros.net,USA,0,32,"$73,558.87 ","$11,164.53 ","$301,245.77 ","$35,139.25 ",
Serena,odio.Nam@estac.ca,USA,1,52,"$66,088.02 ","$6,769.18 ","$557,098.96 ","$55,167.37 ",
Barclay,diam.Proin@ut.edu,USA,0,56,"$54,441.72 ","$4,362.72 ","$432,850.42 ","$48,383.69 ",
Isabella,et.magnis@necmetus.ca,USA,1,41,"$60,101.80 ","$12,989.37 ","$340,720.52 ","$35,823.55 ",
Mia,sed.est@afelisullamcorper.edu,USA,1,51,"$50,153.44 ","$6,596.01 ","$266,939.17 ","$36,517.71 ",
Chester,Integer@odioauctor.co.uk,USA,0,58,"$61,430.93 ","$11,561.07 ","$421,891.85 ","$53,110.88 ",
Isaac,pretium.aliquet.metus@pretiumneque.com,USA,0,51,"$65,846.51 ","$9,141.67 ","$531,840.33 ","$53,049.45 ",
Heather,erat.Etiam@elementum.org,USA,1,29,"$55,433.61 ","$10,769.75 ","$276,466.62 ","$21,471.11 ",
Justine,orci.adipiscing@penatibuset.com,USA,1,53,"$62,979.60 ","$14,297.25 ","$247,421.92 ","$45,015.68 ",
Bert,sem.Pellentesque@quis.net,USA,0,43,"$76,523.33 ","$10,373.01 ","$620,355.27 ","$55,377.88 ",
Gil,Phasellus.fermentum@dictumplacerataugue.net,USA,0,62,"$63,956.16 ","$16,978.53 ","$360,787.64 ","$56,510.13 ",
Dolan,ipsum.Phasellus@egestasblanditNam.edu,USA,1,60,"$39,460.00 ","$8,769.29 ","$571,245.37 ","$47,443.74 ",
Cheryl,iaculis.enim@nislelementum.edu,USA,1,37,"$66,923.44 ","$8,611.47 ","$522,814.82 ","$41,489.64 ",
Courtney,porttitor.tellus@elitelit.org,USA,0,43,"$50,051.14 ",$893.24 ,"$347,177.84 ","$32,553.53 ",
Neville,felis.Nulla@mi.ca,USA,0,42,"$61,575.95 ",$594.80 ,"$497,197.26 ","$41,984.62 ",
Gloria,Curabitur.egestas.nunc@fermentumfermentum.ca,USA,0,55,"$64,430.07 ","$6,924.11 ","$664,862.01 ","$59,538.40 ",
Jonah,augue@risusNuncac.co.uk,USA,1,46,"$63,722.00 ","$10,711.44 ","$316,128.40 ","$41,352.47 ",
Merrill,dolor.sit@turpisIn.com,USA,1,50,"$78,518.22 ","$10,072.48 ","$294,506.08 ","$52,785.17 ",
Nolan,Donec.at@neccursus.co.uk,USA,0,55,"$72,424.80 ","$9,831.18 ","$523,680.77 ","$60,117.68 ",
Winter,egestas.urna.justo@maurissagittis.edu,USA,0,43,"$77,665.17 ","$13,308.88 ","$349,588.56 ","$47,760.66 ",
Rigel,egestas.blandit.Nam@semvitaealiquam.com,USA,0,52,"$77,345.62 ","$6,736.75 ","$665,099.14 ","$64,188.27 ",
Walter,ligula@Cumsociis.ca,USA,0,41,"$71,942.40 ","$6,995.90 ","$541,670.10 ","$48,901.44 ",
Vanna,Cum.sociis.natoque@Sedmolestie.edu,USA,1,38,"$56,039.50 ","$12,301.46 ","$360,419.10 ","$31,491.41 ",
Pearl,penatibus.et@massanonante.com,USA,1,54,"$68,888.78 ","$10,611.61 ","$764,531.32 ","$64,147.29 ",
Nell,Quisque.varius@arcuVivamussit.net,USA,1,59,"$49,811.99 ","$14,013.03 ","$337,826.64 ","$45,442.15 ",
Marla,Camaron.marla@hotmail.com,USA,1,47,"$61,370.68 ","$9,391.34 ","$462,946.49 ","$45,107.23 ",
